unit_id,analytics_channels_in_template,analytics_template_rect_area,analytics_template_density,analytics_axon_length,analytics_num_branches,analytics_branch_lengths,analytics_branch_channel_density,analytics_branch_orders,analytics_maximum_branch_order,analytics_velocities
613,13825,7871850.0,0.0017562580587790672,397.6236136554213,5,"[397.6236136554213, 277.16293968538923, 402.6976061910243, 187.50859123708014, 263.7804857649993]","[44.18040151726903, 34.645367460673654, 33.55813384925202, 26.786941605297162, 43.96341429416655]","{0: 2, 1: 1, 2: 2, 3: 1, 4: 1}",2,"{0: 382.308887473081, 1: 354.35798639369426, 2: 94.22655157212785, 3: 79.34411124063557, 4: 199.62110091189504}"
496,6134,7871850.0,0.0007792323278517756,405.5390130675502,1,[405.5390130675502],[67.58983551125836],{0: 1},1,{0: 64.1094496619683}
479,1731,7871850.0,0.00021989748280264488,1350.6494847432593,2,"[1350.6494847432593, 674.7462924192206]","[112.55412372860495, 96.39232748846008]","{0: 1, 1: 1}",1,"{0: 380.38223275172845, 1: 352.99580104556543}"
350,4658,7871850.0,0.0005917287549940611,626.3564070503887,2,"[626.3564070503887, 303.9643869091168]","[78.29455088129859, 60.79287738182336]","{0: 1, 1: 1}",1,"{0: 220.732342897445, 1: 79.51462688819666}"
285,8322,7871850.0,0.0010571847786733741,554.6375848831988,1,[554.6375848831988],[79.23394069759982],{0: 1},1,{0: 114.32751915056869}
216,1735,7871850.0,0.0002204056225664869,607.3878478268934,5,"[607.3878478268934, 811.1453331032677, 963.7394672363307, 800.9793628509781, 672.3457833982773]","[121.47756956537869, 115.87790472903825, 160.62324453938845, 133.49656047516302, 134.46915667965544]","{0: 1, 1: 1, 2: 2, 3: 1, 4: 1}",2,"{0: 855.0259275371501, 1: 113.61725937973561, 2: 1381.4304778326061, 3: 850.0711513694991, 4: 261.22186968484294}"
144,5760,7871850.0,0.0007317212599325444,548.1539158326419,3,"[548.1539158326419, 317.024111698075, 682.8544779245605]","[68.51923947908024, 63.404822339614995, 136.57089558491208]","{0: 1, 1: 1, 2: 0}",1,"{0: 312.5695530719023, 1: 183.02796041612282, 2: 1009.9557242331614}"
588,13825,7871850.0,0.0017562580587790672,453.58786345997856,3,"[453.58786345997856, 238.60223826543927, 398.2330715044228]","[75.59797724332977, 39.767039710906545, 56.89043878634612]","{0: 1, 1: 1, 2: 1}",1,"{0: 72.49638198493527, 1: 49.68085933325784, 2: 50.91032247638946}"
68,13825,7871850.0,0.0017562580587790672,840.2222973372856,4,"[840.2222973372856, 454.86953805638836, 356.0666456381901, 289.50606592013844]","[60.015878381234685, 75.81158967606473, 32.36969505801728, 48.25101098668974]","{0: 1, 1: 1, 2: 2, 3: 1}",2,"{0: 106.45103872676819, 1: 53.06955125261741, 2: 542.0796694599273, 3: 69.76836621411536}"
447,6871,7871850.0,0.0008728570793396724,687.2490289671791,1,[687.2490289671791],[114.54150482786319],{0: 1},1,{0: 148.14614185034347}
583,13825,7871850.0,0.0017562580587790672,766.6425441806728,8,"[766.6425441806728, 322.5171824741603, 331.3620921609902, 637.7004008723142, 407.0146571572186, 476.5835457605924, 542.8834675509722, 386.2436867076458]","[42.59125245448182, 46.073883210594325, 55.22701536016503, 39.856275054519635, 40.70146571572186, 39.71529548004937, 38.77739053935516, 55.17766952966368]","{0: 3, 1: 2, 2: 1, 3: 1, 4: 1, 5: 1, 6: 1, 7: 1}",3,"{0: 351.33122748311547, 1: 996.5957203277062, 2: 291.68509172976854, 3: 207.0092381216797, 4: 428.51155190119675, 5: 81.57461716912182, 6: 97.86290573546349, 7: 79.7527353369462}"
563,13825,7871850.0,0.0017562580587790672,330.18578402603174,5,"[330.18578402603174, 216.27349576651443, 465.10914852863476, 381.19974039841543, 768.8521412293006]","[33.018578402603175, 36.0455826277524, 42.282649866239524, 38.119974039841544, 69.89564920266369]","{0: 1, 1: 1, 2: 1, 3: 1, 4: 2}",2,"{0: 603.2175281961582, 1: 22.986961001690492, 2: 966.5273131595135, 3: 545.1716248084118, 4: 454.1431110334456}"
403,7589,7871850.0,0.0009640681669493194,877.0381755172497,1,[877.0381755172497],[79.73074322884088],{0: 0},0,{0: 302.6337809364409}
600,13825,7871850.0,0.0017562580587790672,467.26930285069267,4,"[467.26930285069267, 151.72581160992445, 402.68321839815394, 364.54517992688216]","[38.93910857089106, 30.34516232198489, 50.33540229976924, 60.75752998781369]","{0: 1, 1: 1, 2: 1, 3: 1}",1,"{0: 67.89398988067228, 1: 118.72749515455224, 2: 253.35589358554535, 3: 31.178140790202516}"
519,13825,7871850.0,0.0017562580587790672,328.3814146066957,1,[328.3814146066957],[65.67628292133915],{0: 1},1,{0: 27.47690347690441}
514,13825,7871850.0,0.0017562580587790672,384.52984898220984,3,"[384.52984898220984, 298.0732869246322, 444.3588249791876]","[34.95725899838271, 29.807328692463223, 37.02990208159897]","{0: 1, 1: 1, 2: 2}",2,"{0: 60.35258474691383, 1: 269.92375503017854, 2: 77.8169791632347}"
612,7604,7871850.0,0.000965973691063727,202.58859639447581,1,[202.58859639447581],[40.517719278895164],{0: 0},0,{0: 78.6880351556881}
301,4666,7871850.0,0.0005927450345217452,483.73756792194183,1,[483.73756792194183],[96.74751358438837],{0: 0},0,{0: 616.4498190044716}
58,5756,7871850.0,0.0007312131201687024,398.48076824970764,2,"[398.48076824970764, 641.4431243285098]","[79.69615364994152, 106.90718738808498]","{0: 1, 1: 1}",1,"{0: 121.96278697070707, 1: 146.66272417802483}"
94,2462,7871850.0,0.00031276002464477855,455.757599912859,3,"[455.757599912859, 407.43153859785014, 907.3087366676199]","[91.1515199825718, 81.48630771957002, 113.41359208345249]","{0: 1, 1: 1, 2: 1}",1,"{0: 63.150801916231295, 1: 30.13391578366636, 2: 95.73859152860031}"
506,7957,7871850.0,0.0010108170252227876,332.9986003820493,1,[332.9986003820493],[55.49976673034155],{0: 1},1,{0: 34.73802130983913}
541,6504,7871850.0,0.0008262352560071647,436.15920693410817,2,"[436.15920693410817, 694.1315544754672]","[72.69320115568469, 138.82631089509343]","{0: 1, 1: 1}",1,"{0: 153.81055907251306, 1: 226.65295881270143}"
153,13825,7871850.0,0.0017562580587790672,296.6227500886621,1,[296.6227500886621],[59.32455001773242],{0: 1},1,{0: 149.02525323391237}
593,13825,7871850.0,0.0017562580587790672,256.72581160992445,1,[256.72581160992445],[42.78763526832074],{0: 1},1,{0: 28.45248941432901}
279,13825,7871850.0,0.0017562580587790672,229.9881908224171,5,"[229.9881908224171, 204.89356881873897, 253.06055925441757, 197.25150067887563, 411.80624972680937]","[32.855455831773874, 25.61169610234237, 50.612111850883515, 39.45030013577512, 45.75624996964549]","{0: 1, 1: 1, 2: 1, 3: 1, 4: 1}",1,"{0: 87.01197255476225, 1: 148.3652896823024, 2: 49.31195666659769, 3: 23.005710272608738, 4: 52.37694138177343}"
115,9057,7871850.0,0.0011505554602793497,457.1860932548867,2,"[457.1860932548867, 519.4249912130232]","[91.43721865097734, 86.5708318688372]","{0: 1, 1: 1}",1,"{0: 638.2810339629955, 1: 622.9202407192913}"
18,3938,7871850.0,0.000500263597502493,563.2811912160687,1,[563.2811912160687],[93.88019853601145],{0: 0},0,{0: 271.5211660062518}
470,4677,7871850.0,0.0005941424188723108,749.8719134202316,2,"[749.8719134202316, 241.62641030661268]","[124.97865223670527, 48.32528206132254]","{0: 2, 1: 2}",2,"{0: 1035.7657043338697, 1: -33.452675863673825}"
76,10151,7871850.0,0.001289531685690149,942.2629349856447,1,[942.2629349856447],[104.69588166507164],{0: 1},1,{0: 308.50952390659404}
587,13825,7871850.0,0.0017562580587790672,307.31090771213957,4,"[307.31090771213957, 398.5222331080436, 164.47104865919295, 373.201364830125]","[43.901558244591364, 39.85222331080436, 27.411841443198824, 41.46681831445833]","{0: 2, 1: 2, 2: 1, 3: 1}",2,"{0: 237.39992021106622, 1: 482.59673608286283, 2: 490.63921465087793, 3: 726.7947160114857}"
549,13825,7871850.0,0.0017562580587790672,393.0997129484976,4,"[393.0997129484976, 843.3063636101085, 331.5247584249853, 236.61335481946108]","[32.7583094123748, 60.23616882929347, 36.83608426944281, 47.322670963892215]","{0: 1, 1: 1, 2: 2, 3: 1}",2,"{0: 480.7856482607701, 1: 151.94285735821876, 2: 585.4248025269249, 3: 45.41124025476164}"
553,13825,7871850.0,0.0017562580587790672,361.64837208040655,2,"[361.64837208040655, 334.64230616026816]","[32.87712473458242, 33.46423061602682]","{0: 1, 1: 1}",1,"{0: 415.804848305332, 1: 520.3350125124377}"
122,4294,7871850.0,0.000545488036484435,443.9005604728966,1,[443.9005604728966],[88.78011209457932],{0: 0},0,{0: 122.8607389026695}
2,11990,7871850.0,0.001523148942116529,277.04791726704804,1,[277.04791726704804],[34.630989658381004],{0: 2},2,{0: 43.202258798786296}
603,13825,7871850.0,0.0017562580587790672,250.09718763155595,1,[250.09718763155595],[31.262148453944494],{0: 1},1,{0: 30.54078811773495}
568,7223,7871850.0,0.0009175733785577723,838.78140838734,1,[838.78140838734],[119.82591548390572],{0: 0},0,{0: 409.00289653999425}
340,1005,7835406.25,0.0001282639301567803,414.2452692700232,3,"[414.2452692700232, 840.8060970740684, 324.9884150025114]","[82.84905385400464, 168.16121941481367, 64.99768300050228]","{0: 0, 1: 1, 2: 1}",1,"{0: 79.96520597802181, 1: 405.2405911070595, 2: 125.89418927081958}"
627,13089,7871850.0,0.001662760342232131,520.2406987879409,2,"[520.2406987879409, 1098.520986122178]","[65.03008734849261, 68.65756163263613]","{0: 1, 1: 1}",1,"{0: 52.20866196468846, 1: 156.78065326406963}"
60,10888,7871850.0,0.001383156437178046,157.5,1,[157.5],[31.5],{0: 1},1,{0: -21.178343949044596}
217,5018,7871850.0,0.0006374613337398452,425.9691476206684,1,[425.9691476206684],[70.99485793677808],{0: 0},0,{0: 253.45294897595468}
300,3204,7871850.0,0.00040701995083747787,457.3700441675364,4,"[457.3700441675364, 489.99328315192867, 439.2328414878737, 566.217936516098]","[91.47400883350727, 97.99865663038574, 87.84656829757475, 70.77724206451225]","{0: 2, 1: 1, 2: 1, 3: 1}",2,"{0: -53.553498166831396, 1: 77.65073763310181, 2: 27.017430925301436, 3: 74.9259908806013}"
551,6130,7871850.0,0.0007787241880879336,496.7335854398791,2,"[496.7335854398791, 650.3708409662639]","[82.78893090664651, 130.07416819325277]","{0: 1, 1: 1}",1,"{0: 160.9912552923645, 1: 155.91991681216265}"
346,13825,7871850.0,0.0017562580587790672,601.0155418112116,2,"[601.0155418112116, 227.17466747200993]","[60.10155418112116, 37.862444578668324]","{0: 1, 1: 1}",1,"{0: 52.00142020483597, 1: 13.280376533623885}"
272,6148,7871850.0,0.0007810108170252228,360.7144203172766,2,"[360.7144203172766, 498.9973187186947]","[72.14288406345533, 99.79946374373894]","{0: 1, 1: 1}",1,"{0: 119.61561475622715, 1: 359.9159693475486}"
628,13825,7871850.0,0.0017562580587790672,200.44050666582712,4,"[200.44050666582712, 496.12287179056034, 393.32975778517994, 235.6743186944831]","[40.088101333165426, 70.87469597008005, 65.55495963086332, 47.13486373889662]","{0: 2, 1: 1, 2: 1, 3: 1}",2,"{0: -37.617936395754604, 1: 50.72745249542308, 2: 29.150496642725606, 3: -47.26226020584476}"
440,13825,7871850.0,0.0017562580587790672,331.6518231313674,2,"[331.6518231313674, 325.74975262778423]","[55.2753038552279, 54.291625437964036]","{0: 1, 1: 1}",1,"{0: 51.38815210579794, 1: 31.75141802584695}"
565,13825,7871850.0,0.0017562580587790672,195.33985905294662,2,"[195.33985905294662, 496.5919075566656]","[39.06797181058933, 70.94170107952365]","{0: 1, 1: 1}",1,"{0: 171.51384836839102, 1: 128.3874218209241}"
629,4301,7871850.0,0.0005463772810711587,811.5420729160827,2,"[811.5420729160827, 449.78206777989226]","[115.93458184515467, 64.25458111141317]","{0: 2, 1: 1}",2,"{0: 91.86995734761015, 1: 84.34166236164657}"
581,13825,7871850.0,0.0017562580587790672,339.78713763747794,3,"[339.78713763747794, 373.7530050305255, 186.84083402826565]","[67.95742752749558, 41.528111670058394, 26.691547718323665]","{0: 1, 1: 1, 2: 1}",1,"{0: 26.165062434644764, 1: 489.6288486153391, 2: 328.57677903402356}"
474,13825,7871850.0,0.0017562580587790672,382.0611127158681,3,"[382.0611127158681, 300.1032132407583, 505.5018730043167]","[47.75763908948351, 42.871887605822614, 63.187734125539585]","{0: 2, 1: 2, 2: 2}",2,"{0: 46.471047315965464, 1: 818.2596730333953, 2: 55.985512700365106}"
548,13825,7871850.0,0.0017562580587790672,363.4385305883185,2,"[363.4385305883185, 222.55277471381456]","[60.57308843138642, 37.09212911896909]","{0: 2, 1: 1}",2,"{0: 410.827564726745, 1: 28.153158679010133}"
542,8331,7871850.0,0.0010583280931420187,555.4857485188043,1,[555.4857485188043],[111.09714970376085],{0: 2},2,{0: 1271.0601966291704}
200,13825,7871850.0,0.0017562580587790672,353.85466172036035,1,[353.85466172036035],[70.77093234407207],{0: 1},1,{0: 304.6569509023899}
211,13825,7871850.0,0.0017562580587790672,193.74368670764582,3,"[193.74368670764582, 536.3147761322733, 515.0183799739009]","[32.2906144512743, 53.63147761322733, 42.91819833115841]","{0: 1, 1: 1, 2: 1}",1,"{0: -49.71064184150482, 1: 84.70534883059256, 2: 84.60773932399178}"
106,13825,7871850.0,0.0017562580587790672,364.5358749790071,6,"[364.5358749790071, 401.6397808433265, 435.2334278716856, 430.7335392802453, 324.0443438529875, 221.10223826543927]","[45.566984372375885, 36.51270734939332, 62.17620398166937, 53.84169241003066, 54.00739064216458, 31.586034037919895]","{0: 1, 1: 2, 2: 2, 3: 1, 4: 2, 5: 1}",2,"{0: 337.0391229452504, 1: 609.9630762319282, 2: 464.7954242566075, 3: 80.38113469985356, 4: 550.6750795333257, 5: 403.62919674769864}"
616,3930,7871850.0,0.000499247317974809,676.3483029825317,4,"[676.3483029825317, 783.6250255844479, 530.2610098837938, 454.9934750686934]","[112.72471716375527, 97.95312819805599, 75.75157284054197, 56.87418438358667]","{0: 2, 1: 1, 2: 1, 3: 1}",2,"{0: 78.18746708174622, 1: 112.51805464691482, 2: 108.8035699023832, 3: 118.72886109217148}"
546,13825,7871850.0,0.0017562580587790672,596.8024361486064,2,"[596.8024361486064, 432.69262665476464]","[99.4670726914344, 86.53852533095292]","{0: 1, 1: 1}",1,"{0: 664.0664869753479, 1: 403.61767757021636}"
116,5761,7871850.0,0.000731848294873505,374.5982663146532,1,[374.5982663146532],[62.43304438577553],{0: 1},1,{0: 87.24680630989165}
561,12357,7871850.0,0.0015697707654490367,309.20532087393553,2,"[309.20532087393553, 361.6760945568279]","[61.84106417478711, 72.33521891136557]","{0: 2, 1: 1}",2,"{0: 24.467353694116987, 1: 156.798688331128}"
619,13825,7871850.0,0.0017562580587790672,297.65342271428995,4,"[297.65342271428995, 537.347080413186, 287.25477797196015, 401.6397808433265]","[29.765342271428995, 67.16838505164824, 57.45095559439203, 40.16397808433265]","{0: 1, 1: 2, 2: 1, 3: 1}",2,"{0: 494.35706689310365, 1: 82.63805269810682, 2: 31.653691003214114, 3: 561.8254001603475}"
594,13825,7871850.0,0.0017562580587790672,289.47128176965094,1,[289.47128176965094],[36.18391022120637],{0: 1},1,{0: 828.1848798350676}
429,9067,7871850.0,0.001151825809688955,384.02929775830427,7,"[384.02929775830427, 654.129425318811, 341.3609038739858, 279.57448325258184, 380.50940127822, 327.9652178014856, 782.3526131568775]","[76.80585955166086, 81.76617816485137, 48.7658434105694, 46.59574720876364, 76.101880255644, 54.66086963358094, 78.23526131568775]","{0: 2, 1: 1, 2: 1, 3: 1, 4: 1, 5: 1, 6: 1}",2,"{0: 586.8461942404947, 1: 133.0997629790228, 2: 57.67575750201517, 3: 443.17068649023474, 4: 74.58342307001219, 5: 39.380653632319365, 6: 101.82333822003959}"
621,13825,7871850.0,0.0017562580587790672,363.7530953518514,4,"[363.7530953518514, 356.7464451350455, 366.2355968213645, 342.23692816394623]","[72.75061907037028, 35.67464451350455, 73.24711936427289, 68.44738563278925]","{0: 3, 1: 1, 2: 1, 3: 1}",3,"{0: 27.50859039449425, 1: 57.83540547039204, 2: 56.40193405656952, 3: 71.2532383048437}"
614,13825,7871850.0,0.0017562580587790672,217.83406655420234,1,[217.83406655420234],[43.566813310840466],{0: 1},1,{0: -49.10794688256037}
356,6496,7871850.0,0.0008252189764794807,589.9483578338402,3,"[589.9483578338402, 309.46525616044863, 1295.3849891969546]","[98.32472630564003, 51.577542693408105, 99.6449991689965]","{0: 1, 1: 1, 2: 2}",2,"{0: 52.921217651430645, 1: 77.79847222919034, 2: 195.6562178425881}"
530,13825,7871850.0,0.0017562580587790672,113.26237921249265,5,"[113.26237921249265, 197.75985389555098, 200.6833384443795, 346.34191309895783, 327.62361365542125]","[22.65247584249853, 28.251407699364425, 40.1366676888759, 57.723652183159636, 65.52472273108425]","{0: 1, 1: 1, 2: 1, 3: 1, 4: 2}",2,"{0: 319.20793070830877, 1: 414.70132748136535, 2: 147.67442186068274, 3: 191.7827930098075, 4: 587.6195783077932}"
319,13825,7871850.0,0.0017562580587790672,783.4584986194831,2,"[783.4584986194831, 426.28170102058823]","[65.28820821829025, 85.25634020411765]","{0: 3, 1: 1}",3,"{0: 146.1386612142566, 1: 53.45694290637845}"
624,13825,7871850.0,0.0017562580587790672,651.7164777388934,3,"[651.7164777388934, 145.67971810589327, 492.74161464436247]","[81.46455971736168, 29.135943621178654, 70.39165923490893]","{0: 1, 1: 1, 2: 1}",1,"{0: 64.03711397320818, 1: 273.85943621178654, 2: 54.31026397345055}"
172,7228,7871850.0,0.0009182085532625749,405.8012706659597,1,[405.8012706659597],[67.63354511099328],{0: 1},1,{0: 94.81142447773902}
210,10529,7871850.0,0.0013375508933732223,380.75658671374833,2,"[380.75658671374833, 259.98261967630344]","[54.393798101964045, 43.33043661271724]","{0: 1, 1: 1}",1,"{0: 47.96933617924519, 1: 21.721719508487507}"
608,13825,7871850.0,0.0017562580587790672,426.3885181848557,6,"[426.3885181848557, 373.2832458480718, 113.26237921249265, 273.0197077911019, 291.3322831021216, 142.1423061602681]","[53.29856477310696, 46.66040573100897, 22.65247584249853, 34.12746347388774, 58.26645662042432, 28.42846123205362]","{0: 2, 1: 1, 2: 1, 3: 1, 4: 1, 5: 1}",2,"{0: 505.06571530958655, 1: 48.103888060476244, 2: 93.42671142682208, 3: 668.624423062905, 4: 332.30249470757707, 5: 56.10662528719769}"
538,7608,7871850.0,0.0009664818308275691,485.0653621029207,1,[485.0653621029207],[80.84422701715344],{0: 1},1,{0: 89.86464458775457}
265,13825,7871850.0,0.0017562580587790672,684.5511099391182,1,[684.5511099391182],[57.04592582825985],{0: 1},1,{0: 120.19399856681345}
610,13825,7871850.0,0.0017562580587790672,162.09209668673645,2,"[162.09209668673645, 516.7886252963982]","[32.41841933734729, 64.59857816204978]","{0: 1, 1: 1}",1,"{0: 870.2901535095103, 1: 66.89014189599732}"
92,8703,7871850.0,0.001105585091179329,472.064401126882,1,[472.064401126882],[94.4128802253764],{0: 1},1,{0: 379.9080085924899}
585,5396,7871850.0,0.0006854805414229184,474.87828098710327,3,"[474.87828098710327, 878.5228784736945, 167.3109077121396]","[79.14638016451721, 109.81535980921181, 33.46218154242792]","{0: 1, 1: 2, 2: 1}",2,"{0: 76.33869586998281, 1: 112.57417752696526, 2: 33.62179698334928}"
121,1001,7762518.75,0.00012895298964656285,442.10925256913663,1,[442.10925256913663],[88.42185051382732],{0: 0},0,{0: 130.3843576120085}
596,13825,7871850.0,0.0017562580587790672,260.46347270836793,4,"[260.46347270836793, 269.9021600558191, 363.7794310543909, 186.84083402826565]","[52.09269454167359, 38.557451436545584, 36.37794310543909, 26.691547718323665]","{0: 1, 1: 1, 2: 1, 3: 1}",1,"{0: 16.963713804054454, 1: 204.20848018447353, 2: 556.6773776178712, 3: 358.28702437880173}"
209,7215,7871850.0,0.0009165570990300882,332.8834675509722,2,"[332.8834675509722, 229.89950410661538]","[47.55478107871032, 45.97990082132308]","{0: 1, 1: 1}",1,"{0: 59.94514440647873, 1: 58.790628528803055}"
357,13825,7871850.0,0.0017562580587790672,191.63978084332646,3,"[191.63978084332646, 701.4809855901287, 300.07700856952346]","[27.37711154904664, 43.842561599383046, 42.86814408136049]","{0: 1, 1: 1, 2: 1}",1,"{0: 140.5421134057545, 1: 137.75979801488606, 2: -40.57018691334013}"
312,13825,7871850.0,0.0017562580587790672,159.6423061602681,8,"[159.6423061602681, 488.04951684997053, 268.94255178147455, 339.2150067010885, 388.5010152862551, 430.47206394544804, 193.35097560696843, 145.25985389555098]","[26.60705102671135, 97.6099033699941, 44.823758630245756, 42.40187583763606, 55.500145040893585, 35.872671995454006, 38.67019512139369, 24.209975649258496]","{0: 1, 1: 2, 2: 1, 3: 2, 4: 1, 5: 1, 6: 1, 7: 1}",2,"{0: 557.4906416049093, 1: 30.368462757527734, 2: 61.11751923010192, 3: 51.311665834671025, 4: 230.36897076756784, 5: 96.3989902011428, 6: 34.94847999066333, 7: 462.1594631387848}"
143,13825,7871850.0,0.0017562580587790672,459.52669944525957,9,"[459.52669944525957, 670.9229835242277, 332.617821156677, 655.0607490612973, 231.58354576059247, 349.71571034215776, 395.369828081382, 351.1670645852534, 1461.5845038992993]","[91.90533988905192, 44.72819890161518, 55.43630352611283, 46.79005350437838, 38.59725762676541, 49.95938719173682, 79.07396561627641, 58.527844097542236, 38.46275010261314]","{0: 2, 1: 1, 2: 1, 3: 1, 4: 1, 5: 1, 6: 2, 7: 1, 8: 3}",3,"{0: 297.250637082854, 1: 564.6692895694968, 2: 206.88363860045098, 3: 95.98417089885338, 4: 689.7657270196443, 5: 341.13221339655473, 6: 317.78438531388474, 7: 40.40207731891736, 8: 710.592080678045}"
501,1736,7871850.0,0.00022053265750744742,537.0904094652227,2,"[537.0904094652227, 702.8226774087976]","[76.72720135217467, 140.56453548175952]","{0: 2, 1: 1}",2,"{0: 169.10030018229602, 1: 223.2233392925782}"
598,13825,7871850.0,0.0017562580587790672,402.99930737643894,4,"[402.99930737643894, 281.0895105952246, 275.0085912370801, 526.7421766769593]","[36.636300670585356, 28.10895105952246, 30.556510137453344, 37.624441191211375]","{0: 2, 1: 1, 2: 1, 3: 1}",2,"{0: 443.09220846826645, 1: 418.411189034363, 2: 892.2140997435314, 3: 682.4879241024626}"
415,5393,7871850.0,0.0006850994366000368,596.6849204592725,2,"[596.6849204592725, 520.2036527780997]","[85.24070292275321, 86.70060879634995]","{0: 1, 1: 1}",1,"{0: 86.73115212845732, 1: 82.06272641820115}"
606,13825,7871850.0,0.0017562580587790672,296.8706430871342,3,"[296.8706430871342, 435.77956168665287, 113.37740163083382]","[59.37412861742685, 27.236222605415804, 22.675480326166763]","{0: 1, 1: 2, 2: 1}",2,"{0: 23.04688621183011, 1: 604.0946142791379, 2: 638.7992694777548}"
625,13825,7871850.0,0.0017562580587790672,343.8594362117865,6,"[343.8594362117865, 436.938839066947, 433.9831401885338, 301.0010152862551, 295.6943349521757, 356.7344028470046]","[42.98242952647331, 39.72171264244973, 39.45301274441216, 60.20020305725102, 42.24204785031082, 29.72786690391705]","{0: 2, 1: 1, 2: 1, 3: 1, 4: 1, 5: 1}",2,"{0: 557.7847075210474, 1: 186.96620738226147, 2: 70.01325908697365, 3: 35.330946106324575, 4: 638.2247229159923, 5: 550.9992137757542}"
22,13825,7871850.0,0.0017562580587790672,519.4532138724078,4,"[519.4532138724078, 209.1518231313674, 293.4370063735664, 318.2830127376137]","[57.717023763600864, 29.87883187590963, 48.906167728927734, 31.828301273761372]","{0: 3, 1: 1, 2: 1, 3: 1}",3,"{0: 264.14885612339896, 1: 33.36349795757093, 2: 30.362830075741066, 3: 655.832851529331}"
592,13825,7871850.0,0.0017562580587790672,303.17971810589324,1,[303.17971810589324],[50.52995301764887],{0: 1},1,{0: 37.75466987723841}
414,8697,7871850.0,0.0011048228815335659,256.76999508665887,4,"[256.76999508665887, 307.1652718152141, 488.7412861742685, 268.6456097700549]","[51.35399901733177, 51.19421196920235, 97.7482572348537, 53.72912195401098]","{0: 2, 1: 1, 2: 1, 3: 1}",2,"{0: 34.70467661371067, 1: 154.91042412231238, 2: 75.15266410786178, 3: 43.50892048155767}"
505,7230,7871850.0,0.0009184626231444958,412.03089544274735,3,"[412.03089544274735, 539.4119821245298, 343.8322831021216]","[68.67181590712455, 89.90199702075496, 68.76645662042432]","{0: 1, 1: 2, 2: 1}",2,"{0: 31.859449949527484, 1: 57.98611469909387, 2: 51.4908693949621}"
620,13825,7871850.0,0.0017562580587790672,394.99822047711757,4,"[394.99822047711757, 268.16959817135734, 305.92158510756826, 826.8263924045733]","[65.83303674618627, 53.633919634271464, 50.98693085126138, 63.60203018496718]","{0: 1, 1: 1, 2: 1, 3: 1}",1,"{0: 51.980325619247395, 1: 46.09585035890487, 2: 53.53175686079656, 3: 138.96324737756782}"
465,6123,7871850.0,0.00077783494350121,353.97673939678907,3,"[353.97673939678907, 708.5781872755502, 270.992424049175]","[70.79534787935782, 118.09636454592504, 54.198484809834994]","{0: 1, 1: 1, 2: 1}",1,"{0: 221.15042194094852, 1: 512.683572866382, 2: 126.05832585599737}"
599,13825,7871850.0,0.0017562580587790672,406.00101528625515,7,"[406.00101528625515, 190.85700121617077, 419.4594636617044, 594.0247584249853, 550.6266403231617, 268.8493644907756, 524.1546218697032]","[40.600101528625515, 31.80950020269513, 52.43243295771305, 59.40247584249853, 68.82833004039522, 53.76987289815512, 40.319586297669474]","{0: 1, 1: 2, 2: 1, 3: 1, 4: 2, 5: 0, 6: 1}",2,"{0: 389.5670966595644, 1: 204.22603894812295, 2: 51.20406347461951, 3: 303.76667828923297, 4: 454.27400930087146, 5: 72.0721729535154, 6: 397.04795476289894}"
576,13825,7871850.0,0.0017562580587790672,106.12866428930465,2,"[106.12866428930465, 193.94834428021886]","[21.22573285786093, 38.789668856043775]","{0: 1, 1: 1}",1,"{0: 204.87893722421921, 1: 30.343872618299084}"
259,1740,7871850.0,0.00022104079727128947,855.7476535053092,4,"[855.7476535053092, 1102.1711339702283, 509.4160598860276, 669.0520587052367]","[122.24966478647275, 157.45301913860405, 72.77372284086108, 111.50867645087278]","{0: 3, 1: 1, 2: 1, 3: 1}",3,"{0: 138.4819255522914, 1: 467.2738720943076, 2: 153.0445006885323, 3: 114.12000973783547}"
618,13825,7871850.0,0.0017562580587790672,491.5392849499419,2,"[491.5392849499419, 444.5431379674144]","[30.721205309371367, 40.41301254249222]","{0: 1, 1: 2}",2,"{0: 690.1105836477304, 1: 494.64985309634494}"
536,13825,7871850.0,0.0017562580587790672,418.9771145793314,3,"[418.9771145793314, 641.6499467166288, 217.59462200367813]","[38.08882859812103, 71.29443852406988, 36.26577033394636]","{0: 2, 1: 1, 2: 1}",2,"{0: 575.5912952253589, 1: 100.85918011343907, 2: 33.863098531570905}"
539,9430,7871850.0,0.0011979394932576206,641.2938914753345,2,"[641.2938914753345, 350.07445469947316]","[106.88231524588907, 70.01489093989463]","{0: 1, 1: 1}",1,"{0: 140.4149512569732, 1: 121.08720049330297}"
527,13825,7871850.0,0.0017562580587790672,227.84262239029312,1,[227.84262239029312],[45.56852447805862],{0: 1},1,{0: 26.39004338664895}
578,13825,7871850.0,0.0017562580587790672,289.73692816394623,1,[289.73692816394623],[32.192992018216245],{0: 1},1,{0: 63.49531478709851}
497,9426,7871850.0,0.0011974313534937784,207.40721895886472,3,"[207.40721895886472, 378.87992694777546, 439.3320857998271]","[41.481443791772946, 75.77598538955509, 73.22201429997118]","{0: 1, 1: 1, 2: 1}",1,"{0: 45.83057572545445, 1: 40.206919186040246, 2: 78.79292394675049}"
382,10889,7871850.0,0.0013832834721190063,130.87740163083382,4,"[130.87740163083382, 186.3799269477755, 260.2334278716856, 348.0793125338345]","[26.175480326166763, 37.275985389555096, 52.04668557433712, 49.72561607626208]","{0: 0, 1: 1, 2: 1, 3: 1}",1,"{0: 38.74088656640132, 1: 20.889210565313448, 2: 25.73888959858738, 3: 49.42107707827211}"
373,2463,7871850.0,0.00031288705958573904,698.3376022798543,4,"[698.3376022798543, 501.8408340282656, 277.83697736874217, 760.0018736437164]","[77.59306691998381, 100.36816680565312, 55.567395473748434, 76.00018736437164]","{0: 1, 1: 1, 2: 1, 3: 2}",2,"{0: 383.11998526442716, 1: 397.7946879970933, 2: 494.96327661882964, 3: 624.7888059045093}"
478,2469,7871850.0,0.0003136492692315021,605.6426014420239,1,[605.6426014420239],[100.94043357367065],{0: 0},0,{0: 438.23597047369236}
1,13095,7871850.0,0.001663522551877894,511.5189655386461,1,[511.5189655386461],[56.835440615405126],{0: 1},1,{0: 131.54658098342424}
597,9058,7871850.0,0.0011506824952203104,488.0673069182585,2,"[488.0673069182585, 976.4723680574341]","[81.34455115304308, 108.49692978415935]","{0: 1, 1: 1}",1,"{0: 100.57516696310132, 1: 492.14697964257317}"
609,13825,7871850.0,0.0017562580587790672,162.09209668673648,1,[162.09209668673648],[27.015349447789415],{0: 1},1,{0: 249.52954669328645}
443,10519,7871850.0,0.0013362805439636172,460.3496965995954,2,"[460.3496965995954, 588.746711078076]","[65.76424237137077, 98.124451846346]","{0: 2, 1: 1}",2,"{0: 89.3491321575879, 1: 281.35949799654526}"
577,13825,7871850.0,0.0017562580587790672,636.8588249791876,3,"[636.8588249791876, 301.91003427682534, 148.9815788294029]","[57.896256816289785, 50.31833904613756, 29.796315765880582]","{0: 2, 1: 1, 2: 1}",2,"{0: 395.51084665273066, 1: 35.74372060046948, 2: 27.686615455297954}"
81,1005,7835406.25,0.0001282639301567803,404.24273405268013,1,[404.24273405268013],[80.84854681053602],{0: 0},0,{0: 56.77487678633011}
426,13825,7871850.0,0.0017562580587790672,450.31623176741715,2,"[450.31623176741715, 169.89356881873897]","[50.03513686304635, 24.270509831248425]","{0: 1, 1: 1}",1,"{0: 75.18257200799161, 1: 262.4316643854903}"
43,13093,7871850.0,0.001663268481995973,924.4693584872076,5,"[924.4693584872076, 480.50633725438814, 193.94834428021886, 334.32901592031897, 264.3204336136026]","[42.02133447669126, 34.3218812324563, 32.324724046703146, 33.4329015920319, 37.76006194480037]","{0: 1, 1: 2, 2: 1, 3: 2, 4: 1}",2,"{0: 530.6394820191488, 1: 490.25788466537875, 2: 13.974257945889152, 3: 669.8880571543662, 4: 332.7734878485414}"
145,13825,7871850.0,0.0017562580587790672,481.33566613712486,2,"[481.33566613712486, 305.9278442148235]","[40.11130551142707, 61.1855688429647]","{0: 1, 1: 1}",1,"{0: 80.22526179651427, 1: 35.62108049174362}"
385,10145,7871850.0,0.001288769476044386,920.7380883614368,3,"[920.7380883614368, 429.5429377307883, 356.23863847513576]","[102.30423204015965, 85.90858754615766, 71.24772769502715]","{0: 3, 1: 1, 2: 1}",3,"{0: 682.0482133246855, 1: 241.7456039209761, 2: 425.4279551652093}"
604,13825,7871850.0,0.0017562580587790672,289.6482414481446,3,"[289.6482414481446, 290.12699669042456, 314.8757340319537]","[36.20603018101807, 48.35449944840409, 62.97514680639074]","{0: 2, 1: 1, 2: 1}",2,"{0: 580.2431841046399, 1: 439.93790440256413, 2: -687.0410548579031}"
493,5032,7871850.0,0.0006392398229132923,334.8709758483246,3,"[334.8709758483246, 231.38718993618278, 233.70649728644224]","[66.97419516966491, 38.56453165603046, 46.74129945728845]","{0: 1, 1: 1, 2: 1}",1,"{0: 56.42687639315684, 1: 44.247167216931324, 2: -49.9134042470561}"
476,1005,7835406.25,0.0001282639301567803,688.7583110218046,5,"[688.7583110218046, 790.8788438478136, 338.4267961177046, 525.2470780118113, 413.64001886373126]","[98.39404443168637, 112.9826919782591, 67.68535922354093, 105.04941560236225, 82.72800377274625]","{0: 2, 1: 1, 2: 1, 3: 1, 4: 1}",2,"{0: 88.36238453431838, 1: 126.63889081058127, 2: 77.34665528163994, 3: 588.7701853762411, 4: 537.5287614495634}"
617,6506,7871850.0,0.0008264893258890858,731.0966452281314,3,"[731.0966452281314, 433.9440343017661, 370.44816624908617]","[66.46333138437558, 86.78880686035322, 74.08963324981724]","{0: 1, 1: 1, 2: 1}",1,"{0: 298.8913198575611, 1: 96.40811850893587, 2: 77.55723477853272}"
567,13825,7871850.0,0.0017562580587790672,298.1883093429734,5,"[298.1883093429734, 290.1275660571809, 284.0127068189857, 478.8255899656458, 577.3201865227663]","[59.637661868594684, 58.02551321143618, 56.80254136379714, 95.76511799312917, 44.409245117135875]","{0: 1, 1: 1, 2: 1, 3: 2, 4: 1}",2,"{0: 60.063177050772374, 1: 33.890059948083994, 2: 115.48599795935444, 3: 434.3222082145817, 4: 130.00235417717093}"
273,5027,7871850.0,0.0006386046482084898,431.91227190017355,2,"[431.91227190017355, 416.6033904865929]","[86.38245438003472, 59.51477006951327]","{0: 1, 1: 1}",1,"{0: 90.09840219260164, 1: 161.58187861670768}"
534,10155,7871850.0,0.0012900398254539912,497.1549897607763,2,"[497.1549897607763, 510.8518689564883]","[82.85916496012938, 72.97883842235548]","{0: 2, 1: 1}",2,"{0: 244.59312198735276, 1: 53.42749715877368}"
531,13825,7871850.0,0.0017562580587790672,231.78820333316548,5,"[231.78820333316548, 562.5649691089463, 383.59644576669496, 369.4796398962731, 267.759853895551]","[33.1126004761665, 51.14226991899512, 34.87240416060863, 33.58905817238846, 38.25140769936443]","{0: 1, 1: 1, 2: 1, 3: 1, 4: 1}",1,"{0: 614.2398877700839, 1: 59.515893157260095, 2: 528.8502036471947, 3: 547.2141300658451, 4: 480.93495745738073}"
70,13825,7871850.0,0.0017562580587790672,514.9815809165473,2,"[514.9815809165473, 288.697081621748]","[42.915131743045606, 24.058090135145665]","{0: 1, 1: 1}",1,"{0: 790.5627841392376, 1: 298.9020935954538}"
630,3579,7871850.0,0.00045465805369766956,993.9876371454693,4,"[993.9876371454693, 624.412797200052, 533.646126366877, 344.89356881873897]","[76.4605874727284, 104.06879953334199, 66.70576579585962, 68.97871376374779]","{0: 2, 1: 1, 2: 2, 3: 1}",2,"{0: 147.50647200687408, 1: 74.73064343117579, 2: 80.56219541478052, 3: 39.37311695230722}"
110,3195,7871850.0,0.00040587663636883323,943.2777822045073,1,[943.2777822045073],[117.90972277556341],{0: 0},0,{0: 501.6529894948148}
486,2467,7835406.25,0.0003148528514395792,426.41284421430464,3,"[426.41284421430464, 454.44645122545506, 453.6419784699752]","[71.06880736905077, 90.88929024509102, 90.72839569399504]","{0: 2, 1: 1, 2: 1}",2,"{0: 153.1856302352773, 1: 217.40572974005389, 2: 342.5501346977083}"
487,1005,7835406.25,0.0001282639301567803,508.2938178007771,2,"[508.2938178007771, 488.1597894401569]","[84.71563630012952, 97.63195788803138]","{0: 1, 1: 0}",1,"{0: 103.31583222329625, 1: 169.05618964022932}"
543,13825,7871850.0,0.0017562580587790672,540.853106487183,4,"[540.853106487183, 376.4146298813948, 262.66546500233085, 333.4191715867812]","[60.094789609687005, 53.773518554484966, 29.18505166692565, 37.04657462075347]","{0: 1, 1: 1, 2: 1, 3: 1}",1,"{0: 1095.4757981207897, 1: 106.19714827897648, 2: 119.09294149821756, 3: 483.5221675513116}"
615,9791,7871850.0,0.0012437991069443651,698.2181580217324,2,"[698.2181580217324, 567.9313941474267]","[139.64363160434647, 63.103488238602964]","{0: 2, 1: 1}",2,"{0: 731.7027131829685, 1: 137.9295801398802}"
611,9788,7871850.0,0.0012434180021214836,222.4201022307471,2,"[222.4201022307471, 220.0885963944758]","[44.484020446149415, 44.01771927889516]","{0: 1, 1: 1}",1,"{0: 35.13547377146287, 1: 45.37925662011702}"
323,1736,7835406.25,0.00022155839079817974,656.3751806507244,3,"[656.3751806507244, 581.4605472181195, 793.3680488169005]","[109.3958634417874, 96.91009120301992, 132.22800813615007]","{0: 2, 1: 1, 2: 1}",2,"{0: 84.15449562472124, 1: 110.80206569621964, 2: 94.98752572969391}"
388,4665,7871850.0,0.0005926179995807847,488.63122952958753,3,"[488.63122952958753, 505.1787224387103, 316.0543649787785]","[97.72624590591751, 101.03574448774205, 63.2108729957557]","{0: 2, 1: 1, 2: 1}",2,"{0: 364.60036575621353, 1: 62.790092452676085, 2: 66.08797009738096}"
170,7597,7871850.0,0.0009650844464770035,183.60826387464164,1,[183.60826387464164],[30.601377312440274],{0: 1},1,{0: 33.212362384540505}
304,11998,7871850.0,0.0015241652216442133,551.5388885735214,2,"[551.5388885735214, 491.0810204436508]","[110.30777771470427, 98.21620408873017]","{0: 1, 1: 1}",1,"{0: 550.8798526422726, 1: 424.86194745943675}"
602,10896,7871850.0,0.0013841727167057298,464.02257312439036,3,"[464.02257312439036, 550.6869620699657, 545.6888651190724]","[77.33709552073172, 110.13739241399314, 77.95555215986748]","{0: 1, 1: 1, 2: 1}",1,"{0: 240.10422295119557, 1: 258.50463504164594, 2: 384.9823461481735}"
126,13092,7871850.0,0.0016631414470550125,504.8875428219417,2,"[504.8875428219417, 539.0978428445421]","[72.12679183170596, 107.81956856890842]","{0: 1, 1: 1}",1,"{0: 396.3117904509627, 1: 429.08102317147245}"
562,13825,7871850.0,0.0017562580587790672,534.1714308647379,6,"[534.1714308647379, 384.99075645029484, 269.58607107753414, 332.337333736005, 597.2957288745581, 263.43460110285037]","[89.02857181078964, 48.123844556286855, 24.507824643412196, 33.2337333736005, 31.43661730918727, 52.68692022057007]","{0: 2, 1: 1, 2: 2, 3: 1, 4: 1, 5: 1}",2,"{0: 623.1160531579757, 1: 397.4112670627654, 2: 546.5860188531528, 3: 413.4818713881146, 4: 528.0931379276329, 5: 236.43668992104992}"
321,3197,7871850.0,0.00040613070625075427,451.6264103066127,1,[451.6264103066127],[75.27106838443545],{0: 1},1,{0: 156.03794702795628}
544,13825,7871850.0,0.0017562580587790672,338.3163872484662,3,"[338.3163872484662, 361.15896132396745, 278.6314276266511]","[48.3309124640666, 51.59413733199535, 34.828928453331386]","{0: 1, 1: 1, 2: 1}",1,"{0: 51.830627012946834, 1: 39.13553685682536, 2: -156.70406561591795}"
218,1002,7871850.0,0.0001272890108424322,872.5067794408677,3,"[872.5067794408677, 514.7174511718086, 582.1458882326109]","[109.06334743010846, 85.78624186196811, 116.42917764652218]","{0: 2, 1: 1, 2: 1}",2,"{0: 185.78459535677763, 1: 345.79145151420227, 2: 562.4704921165384}"
607,3924,7871850.0,0.0004984851083290459,430.01120428467544,1,[430.01120428467544],[71.6685340474459],{0: 0},0,{0: 176.9053418444148}
579,8693,7871850.0,0.0011043147417697237,542.4528689650655,3,"[542.4528689650655, 577.1681143038163, 336.5526549385137]","[90.40881149417758, 57.71681143038163, 56.09210915641895]","{0: 1, 1: 2, 2: 1}",2,"{0: 80.81637788037033, 1: 101.77179926680914, 2: 81.10831622132315}"
166,10881,7871850.0,0.0013822671925913222,565.5419404582252,1,[565.5419404582252],[80.79170577974647],{0: 0},0,{0: 71.53560518743323}
37,7230,7871850.0,0.0009184626231444958,869.2348154217475,1,[869.2348154217475],[108.65435192771844],{0: 0},0,{0: 537.4202718455631}
42,8697,7871850.0,0.0011048228815335659,353.99756562798405,2,"[353.99756562798405, 843.0753490115886]","[70.7995131255968, 84.30753490115886]","{0: 1, 1: 1}",1,"{0: 57.60183651525328, 1: 134.64632149876735}"
17,1729,7871850.0,0.00021964341292072384,624.014082353674,3,"[624.014082353674, 435.4361611576893, 571.1947535713846]","[104.00234705894566, 62.2051658796699, 81.59925051019779]","{0: 1, 1: 1, 2: 1}",1,"{0: 92.10544047205548, 1: 55.614352657236864, 2: 109.34624567965407}"
601,13825,7871850.0,0.0017562580587790672,186.84083402826565,3,"[186.84083402826565, 429.7512210303028, 167.3109077121396]","[37.36816680565313, 53.71890262878785, 33.46218154242792]","{0: 1, 1: 1, 2: 1}",1,"{0: 810.4604834336823, 1: 580.4645436086771, 2: 22.07616032373829}"
62,1001,7762518.75,0.00012895298964656285,509.8331973028704,2,"[509.8331973028704, 689.7043176285049]","[72.83331390041006, 114.95071960475082]","{0: 1, 1: 1}",1,"{0: 73.03920101924132, 1: 110.66299124529493}"
495,1002,7871850.0,0.0001272890108424322,1342.2232756210856,2,"[1342.2232756210856, 899.2871997889092]","[149.13591951345396, 89.92871997889092]","{0: 1, 1: 1}",1,"{0: 268.89140278264375, 1: 198.8354883899739}"
492,13825,7871850.0,0.0017562580587790672,214.19938558605907,7,"[214.19938558605907, 459.1958535189559, 361.1219140147674, 361.00430934585756, 269.22704898912946, 207.22833692686612, 302.4821652132147]","[35.69989759767651, 91.83917070379118, 60.1869856691279, 60.16738489097626, 38.46100699844707, 41.44566738537323, 37.81027065165184]","{0: 2, 1: 2, 2: 1, 3: 1, 4: 1, 5: 0, 6: 1}",2,"{0: 266.6048846027918, 1: 46.16449526600208, 2: 41.630723710316275, 3: 39.46465202246802, 4: 36.27623743759423, 5: 72.64419163382942, 6: 56.87194880188176}"
631,7962,7871850.0,0.00101145219992759,167.31090771213957,2,"[167.31090771213957, 171.71978600072214]","[33.46218154242791, 34.34395720014443]","{0: 2, 1: 0}",2,"{0: 346.22237978614265, 1: 40.463637161839436}"
5,7962,7871850.0,0.00101145219992759,554.3256107599727,3,"[554.3256107599727, 483.4544102003573, 373.944743949631]","[69.29070134499659, 48.34544102003573, 62.32412399160517]","{0: 1, 1: 1, 2: 1}",1,"{0: 47.671712131061206, 1: 312.21889027480364, 2: 50.756349303069264}"
61,13825,7871850.0,0.0017562580587790672,123.62866428930465,1,[123.62866428930465],[24.72573285786093],{0: 1},1,{0: 20.197719106743158}
582,13825,7871850.0,0.0017562580587790672,440.1771927889516,7,"[440.1771927889516, 244.25480326166763, 120.5111165540218, 203.60223826543927, 303.257041176837, 106.12866428930465, 137.34335934520732]","[44.01771927889516, 48.85096065233353, 24.10222331080436, 25.45027978317991, 50.5428401961395, 21.22573285786093, 27.468671869041465]","{0: 2, 1: 1, 2: 2, 3: 2, 4: 1, 5: 1, 6: 1}",2,"{0: 58.52048533669642, 1: 319.20793070830877, 2: 530.6433214465231, 3: 646.4014681389746, 4: 194.64014803181703, 5: 275.44536248384844, 6: 439.2294233107448}"
183,11630,7871850.0,0.0014774163633707452,222.24294484278485,4,"[222.24294484278485, 612.2259934215316, 307.08024317780047, 919.4138936179446]","[44.44858896855697, 122.44519868430632, 61.416048635560095, 91.94138936179446]","{0: 1, 1: 1, 2: 1, 3: 1}",1,"{0: 97.4111736302645, 1: 159.29250359618115, 2: 97.36666019555614, 3: 238.92460889540575}"
45,1001,7762518.75,0.00012895298964656285,578.3988071528896,1,[578.3988071528896],[82.62840102184137],{0: 1},1,{0: 95.39975971316564}
397,12358,7871850.0,0.0015698978003899973,365.87558670696205,2,"[365.87558670696205, 388.85975964357044]","[73.17511734139241, 48.607469955446305]","{0: 1, 1: 1}",1,"{0: 99.61094036522165, 1: 561.4696133295757}"
250,9792,7871850.0,0.0012439261418853256,331.2355968213645,2,"[331.2355968213645, 475.11750610711476]","[55.20593280356075, 59.389688263389345]","{0: 2, 1: 1}",2,"{0: 71.3054376382555, 1: 89.31850241548723}"
605,13825,7871850.0,0.0017562580587790672,521.089611680731,5,"[521.089611680731, 137.34335934520732, 113.26237921249265, 239.74294484278485, 232.09209668673645]","[30.65233009886653, 27.468671869041465, 22.65247584249853, 34.24899212039784, 38.682016114456076]","{0: 2, 1: 2, 2: 1, 3: 1, 4: 1}",2,"{0: 650.8851945960258, 1: 375.31540667892716, 2: -638.4158614166174, 3: 181.9951806592387, 4: 446.33830871132386}"
360,9053,7871850.0,0.0011500473205155078,256.3799269477755,6,"[256.3799269477755, 237.00606592013844, 346.1980976483224, 245.9692399174048, 417.0137463011325, 184.8109077121396]","[42.729987824629255, 47.40121318402769, 43.2747622060403, 40.99487331956747, 69.50229105018876, 36.96218154242792]","{0: 1, 1: 3, 2: 2, 3: 3, 4: 1, 5: 1}",3,"{0: 40.445995627753774, 1: 43.224438080053346, 2: 64.70009244444242, 3: -52.941173615714845, 4: 47.751027626992, 5: 32.16483803332089}"
556,9802,7871850.0,0.0012451964912949306,398.46090367611384,1,[398.46090367611384],[56.92298623944483],{0: 1},1,{0: 54.71522977568117}
564,13825,7871850.0,0.0017562580587790672,148.26237921249265,2,"[148.26237921249265, 333.5810204436508]","[24.71039653541544, 47.65443149195011]","{0: 1, 1: 1}",1,"{0: 370.36911227387435, 1: 143.3113199381242}"
623,13825,7871850.0,0.0017562580587790672,169.89356881873894,5,"[169.89356881873894, 343.67684401142475, 180.37487631389214, 197.99071613935877, 326.7940075897372]","[24.27050983124842, 68.73536880228495, 25.767839473413165, 32.99845268989313, 36.31044528774858]","{0: 1, 1: 1, 2: 1, 3: 1, 4: 1}",1,"{0: -21.92038440318233, 1: 36.28762143055983, 2: 172.90927530608968, 3: 94.10548721155642, 4: 277.46496455470935}"
537,12356,7871850.0,0.0015696437305080762,324.9884150025114,2,"[324.9884150025114, 1193.2918261264365]","[54.1647358337519, 54.24053755120166]","{0: 1, 1: 3}",3,"{0: 35.546667289532195, 1: 217.87278967665569}"
555,13825,7871850.0,0.0017562580587790672,210.28942951477512,1,[210.28942951477512],[42.05788590295502],{0: 1},1,{0: -17.29761097689297}
526,13825,7871850.0,0.0017562580587790672,438.3033317613146,1,[438.3033317613146],[36.52527764677622],{0: 1},1,{0: 60.65524718990911}
590,12359,7871850.0,0.0015700248353309578,407.43370083280075,2,"[407.43370083280075, 289.9884150025114]","[67.90561680546679, 57.99768300050228]","{0: 1, 1: 1}",1,"{0: 38.98707047862501, 1: 37.61619193079169}"
